{
    "motos": [
      {
        "modelo": "Moto Yamaha RD 350",
        "imagen": "/img/moto1.jpg",
        "descripcion": "En este tramo se nos ocurrían mil motos de la marca y ninguna en concreto que destacar, porque volvemos a tener grandes dificultades en cuanto hemos superado la papeleta de la pionera y tenemos que seguir. Hay muchas letras que nos vienen a la cabeza como denominaciones comerciales, pero en la cilindrada media-baja nos quedamos con 'RD'.",
        "enlace": "https://www.autobild.es/listas/yamaha-estas-son-nosotros-7-mejores-motos-historia-758521"
      },
      {
        "modelo": "Yamaha SR 250 ",
        "imagen": "/img/moto2.jpg",
        "descripcion": "Muchos motoristas nos sacamos el carné con este tipo de motocicletas (en mi caso había estas y las Suzuki TU 250), pero nos da lo mismo que lo mismo nos da. Es más, creemos que esta que nos ocupa tiene aún más solera, puesto que desde 1980, por su robustez, buen comportamiento, motor de 4 tiempos y novedades como el arranque por botón, fue una de las motos que jubiló a las Bultaco, Ossa y similares de la época",
        "enlace": "https://www.autobild.es/listas/yamaha-estas-son-nosotros-7-mejores-motos-historia-758521"
      },
      {
        "modelo": "Yamaha TZR ",
        "imagen": "/img/moto3.jpg",
        "descripcion": "De 80, 125, 500... Con las dos primeras soñábamos los chavales de los años 80 más que con las de cilindrada superior, ya que en el fondo sabíamos que, si en casa le perdían el miedo de una vez incluso al Vespino, pues en algún momento se podría volar con ellas. ",
        "enlace": "https://www.autobild.es/listas/yamaha-estas-son-nosotros-7-mejores-motos-historia-758521"
      },
      {
        "modelo": "Yamaha Jog",
        "imagen": "/img/moto4.jpg",
        "descripcion": "Al lado de lo que había en el mercado, muchos adolescentes y no tan adolescentes descubrieron las mieles de un ciclomotor tipo scooter con este vehículo, en aquel lejano 1983.",
        "enlace": "https://www.autobild.es/listas/yamaha-estas-son-nosotros-7-mejores-motos-historia-758521"
      }
    ]
  }
  